Cable Reference,From,To,Pole#,Manufacturer,Product Code,Cable Type,Cable Code,Cable Configuration,Cores,Cable Size (mm²),Conductor (Active),Insulation,Sheath,Shield,Cable Capacity (A),Phase Conductor Impedance (Ohms),Phase Conductor Resistance (Ohms),Phase Conductor Reactance (Ohms),Neutral Size (mm²),Neutral Conductor Impedance (Ohms),Neutral Conductor Resistance (Ohms),Neutral Conductor Reactance (Ohms),Earth Size (mm²),Conductor (Earth),Earth Zero Sequence Impedance (Ohms),Earth Zero Sequence Resistance (Ohms),Earth Zero Sequence Reactance (Ohms),Separate Earth for Multicore,Cable Length (m),Cable Max. Length (m),Derating Factor,Conductor Temperature,Ambient Temperature,Function,Voltage (Vac),Voltage Drop (%),Voltage Drop (Volts),Target Voltage Drop (%),Accum. Voltage Drop % (Incl. FSC),Accum. Voltage Drop % (Excl. FSC),Load (A),Load Power Factor,Load THD% (Ref. Fund),Prospective Fault at Start of Cable (kA),Prospective Fault at End of Cable (kA),Prospective Earth Fault If (kA),Cable Selection Criteria,Earth Fault Impedance Zs (Ohms),Max. Allowable Earth Fault Impedance Zs (Ohms),Total Cable Run Weight (Incl. N & E) (kg),Price ($),Depth of Burial (m),Soil Resistivity (?C.m/W),AS/NSZ 3008 Cable Derating Factor,Addition Cable Derating,Combined Cable Derating Factor,Additional Circuits,No. of Conduits,Conduit Size (mm),Circuit Description,Design Progress,Active Conductor Thermal Stress Limit (A²s),Earth Conductor Thermal Stress Limit (A²s),Protective Device Let-Through Energy - Active Conductor (A²s),Protective Device Let-Through Energy - Earth Conductor (A²s)
C112,T1,MSB-3 (STAGE 3) (Bus A),,Olex-Pyrolex,,Fire Rated,6,13,S.D.I,7×300,Cu,PYROLEX,HFS-110-TP,No Shield,3455.2,0.000239641,0.000162949,0.000175714,7×300,0.00022465,0.000139971,0.000175714,No Earth,Cu,0,0,0,,15,283.4,0.8,72.92,25,,400,0.21,0.85,0.21168,1.71,0.21,2454.03,0.97,0,45.05,43.33,37.04,P,0.005861,0.020557,,,0.5,1.2,1,0.8,0.8,0,21,HD 21×63,,,2360324406,0,121778950.9,0
C111,MSB-3 (STAGE 3) (Bus A),Capacitor Bank: PFC,P11,Olex,BDBP25AA001,,6,2,S.D.I,2×185,Cu,XLPE 90°C,PVC,No Shield,833.04,0.001183793,0.000947428,0.00070975,No Neutral,0,0,0,120,Cu,0.00320115,0.002839,0.001479,,17,210.7,0.89,46.16,40,,400,0.09,0.36,1.5,0.3,0.3,292.28,0,0,43.33,36.81,22.64, ,0.009589,0.059417,212.84,6042.38,,,0.89,,0.89,0,,,,,951640275.8,265959804.8,951640275.8,0
C115,MSB-3 (STAGE 3) (Bus A),LINK TO STAGE 2 GENERATOR SWITCHBOARD,P2,Olex-Pyroflex,,Fire Rated,6,2,S.D.I,5×300,Cu,PYROFLEX,HFS-110-TP,No Shield,2827.5,0.002497197,0.00180988,0.00172056,5×300,0.002336469,0.001580747,0.00172056,4×120,Cu,0.005037104,0.00446725,0.00232725,,107,207.8,0.87,80.03,40,,400,2.06,8.24,3.28832,3.77,2.27,2000,0.9,0,43.33,30.86,17.24, ,0.012593,0,,,,,0.87,,0.87,0,,,,,2255615444,4255356877,2255615444,0
C114,MSB-3 (STAGE 3) (Bus A),PORTABLE GENERATOR CONNECTION BOX,P5,Olex-Pyrolex,,Fire Rated,6,13,S.D.I,4×300,Cu,PYROLEX,HFS-110-TP,No Shield,1826.32,0.000376245,0.000265591,0.0002665,4×300,0.000340719,0.00021229,0.0002665,5×120,Cu,0.00046896,0.0004108,0.0002262,,13,282.6,0.74,97.91,25,,400,0.18,0.74,3.28832,1.9,0.4,1600,1,0,43.33,40.89,33.09,O,0.006561,0.082229,,,0.5,1.2,0.74,,0.74,0,12,HD 12×63,,,2002093734,7679241705,30461742.33,23823658.86
C113,G-01,MSB-3 (STAGE 3) (Bus SAFETY SERVICES),,Olex,BDBP27AA001,,6,13,S.D.I,7×300,Cu,XLPE 90°C,PVC,No Shield,3864,0.000254266,0.000174523,0.000184914,7×300,0.0002385,0.000150629,0.000184914,5×120,Cu,0.000577181,0.0005056,0.0002784,,16,321.7,1,72.15,25,,400,0.25,0.99,0.31239,0.25,0.25,0,1,0,23.79,23.31,19,P,0.011428,0.030836,1465.28,40845.92,0.5,1.2,1,,1,0,21,HD 21×50,,,2096513727,7679241705,152757962.5,123886661.8
C113,G-01,MSB-3 (STAGE 3) (Bus SAFETY SERVICES),,Olex,BDBP27AA001,,6,13,S.D.I,7×300,Cu,XLPE 90°C,PVC,No Shield,3864,0.000254266,0.000174523,0.000184914,7×300,0.0002385,0.000150629,0.000184914,5×120,Cu,0.000577181,0.0005056,0.0002784,,16,321.7,1,72.15,25,,400,0.25,0.99,0.31239,0.25,0.25,0,1,0,23.79,23.31,19,P,0.011428,0.030836,1465.28,40845.92,0.5,1.2,1,,1,0,21,HD 21×50,,,2096513727,7679241705,152757962.5,123886661.8
C106,MSB-3 (STAGE 3) (Bus SAFETY SERVICES),LSSB-L2-1,P2,tricab-Flexible Fire Resistant 125°C - FR Series,FR-PAXN/5C35,"Flexible, Fire Rated",15,2,"Circ, Flex, 4C&E",35,Cu,LSFLEX® R-125,LSFLEX® T-10,No Shield,173,0.108295825,0.107473856,0.0133175,35,0.105493973,0.10465,0.0133175,10,Cu,0.361361459,0.361083333,0.014175,No,175,271.7,1,47.33,40,,400,2.58,10.31,3.28832,4.29,2.79,56,0.95,0,43.33,2.21,0.48, ,0.456392,1.146686,980.7,,,,1,,1,0,,,,,33800014.7,2893475.385,1335740.609,161385.8722
C107,MSB-3 (STAGE 3) (Bus SAFETY SERVICES),LSSB-L2-2,P5,tricab-Flexible Fire Resistant 125°C - FR Series,FR-PAXN/5C35,"Flexible, Fire Rated",15,2,"Circ, Flex, 4C&E",35,Cu,LSFLEX® R-125,LSFLEX® T-10,No Shield,173,0.106439325,0.105631447,0.0130892,35,0.103685505,0.102856,0.0130892,10,Cu,0.355166691,0.354893333,0.013932,No,172,281.5,1,47.33,40,,400,2.44,9.77,3.28832,4.16,2.66,56,0.9,0,43.33,2.25,0.48, ,0.448609,1.146686,963.89,,,,1,,1,0,,,,,33800014.7,2893475.385,1335740.609,161587.4058
C108,MSB-3 (STAGE 3) (Bus SAFETY SERVICES),LSSB-L3-1,P8,tricab-Flexible Fire Resistant 125°C - FR Series,FR-PAXN/5C16,"Flexible, Fire Rated",15,2,"Circ, Flex, 4C&E",16,Cu,LSFLEX® R-125,LSFLEX® T-10,No Shield,106,0.177804718,0.177502602,0.0103607,16,0.174095231,0.173786667,0.0103607,6,Cu,0.47273529,0.472593333,0.0115843,No,133,223.3,1,45.99,40,,400,2.38,9.53,3.28832,4.09,2.59,31,1,0,43.33,1.36,0.35,P,0.621806,1.146686,383.84,,,,1,,1,0,,,,,7126004.512,1041651.138,1335740.609,160555.4442
C109,MSB-3 (STAGE 3) (Bus SAFETY SERVICES),LSSB-L3-2,P11,tricab-Flexible Fire Resistant 125°C - FR Series,FR-PAXN/5C25,"Flexible, Fire Rated",15,2,"Circ, Flex, 4C&E",25,Cu,LSFLEX® R-125,LSFLEX® T-10,No Shield,140,0.119612773,0.119137813,0.0106488,25,0.114960927,0.114466667,0.0106488,6,Cu,0.483398492,0.483253333,0.0118456,No,136,188.3,1,51.2,40,,400,2.89,11.56,3.28832,4.6,3.1,56,1,0,43.33,2.01,0.38, ,0.573514,1.146686,563.45,,,,1,,1,0,,,,,16811341.85,1041651.138,1335740.609,160095.3488
C110,MSB-3 (STAGE 3) (Bus SAFETY SERVICES),LSSB-L3-3,P14,tricab-Flexible Fire Resistant 125°C - FR Series,FR-PAXN/5C25,"Flexible, Fire Rated",15,2,"Circ, Flex, 4C&E",25,Cu,LSFLEX® R-125,LSFLEX® T-10,No Shield,140,0.029524892,0.029404625,0.0026622,25,0.028740232,0.028616667,0.0026622,6,Cu,0.120849623,0.120813333,0.0029614,No,34,232.2,1,47.56,40,,400,0.59,2.34,3.28832,2.3,0.8,46,1,0,43.33,7.61,1.5, ,0.144702,2.111508,140.86,,,,1,,1,0,,,,,17219792.81,1041651.138,1335740.609,143096.8331
,MSB-3 (STAGE 3) (Bus G),EWCIE (GROUND FLOOR),P1-R,Olex-Pyrolex,,Fire Rated,2,2,"Circ, 2C&E",4,Cu,PYROLEX,HFS-110-TP,No Shield,55,0.049828943,0.049819008,0.000995,4,0.049709959,0.0497,0.000995,2.5,Cu,0.079972819,0.079966667,0.000992,No,10,185.4,1,40.66,40,,400,0.22,0.5,3.28832,1.93,0.43,5,1,0,41.77,2.41,1.65,S,0.131898,2.772495,,,,,1,,1,0,,,,,509949.0083,199964.5412,3162.279785,3162.279785
,MSB-3 (STAGE 3) (Bus G),FDCIE (GROUND FLOOR),P4-R,Olex-Pyrolex,,Fire Rated,2,2,"Circ, 2C&E",4,Cu,PYROLEX,HFS-110-TP,No Shield,55,0.049828943,0.049819008,0.000995,4,0.049709959,0.0497,0.000995,2.5,Cu,0.079972819,0.079966667,0.000992,No,10,185.4,1,40.66,40,,400,0.22,0.5,3.28832,1.93,0.43,5,1,0,41.77,2.41,1.65,S,0.131898,2.772495,,,,,1,,1,0,,,,,509949.0083,199964.5412,3162.279785,3162.279785
,MSB-3 (STAGE 3) (Bus G),FDCIE (LEVEL 1),P7-R,Olex-Pyrolex,,Fire Rated,2,2,"Circ, 2C&E",4,Cu,PYROLEX,HFS-110-TP,No Shield,55,0.049828943,0.049819008,0.000995,4,0.049709959,0.0497,0.000995,2.5,Cu,0.079972819,0.079966667,0.000992,No,10,185.4,1,40.66,40,,400,0.22,0.5,3.28832,1.93,0.43,5,1,0,41.77,2.41,1.65,S,0.131898,2.772495,,,,,1,,1,0,,,,,509949.0083,199964.5412,3162.279785,3162.279785
C116,MSB-3 (STAGE 3) (Bus SAFETY SERVICES),GENERATOR AUX,P20,tricab-Flexible Fire Resistant 125°C - FR Series,FR-PAXN/5C35,"Flexible, Fire Rated",15,2,"Circ, Flex, 4C&E",35,Cu,LSFLEX® R-125,LSFLEX® T-10,No Shield,173,0.011715148,0.011651701,0.0012176,35,0.009645163,0.009568,0.0012176,10,Cu,0.033038762,0.033013333,0.001296,No,16,79.3,1,99.88,40,,400,0.81,3.23,3.28832,2.52,1.02,160,1,0,43.33,16.41,4.73,I,0.04592,0.659846,89.66,,,,1,,1,0,,,,,23135756.92,2893475.385,1557670.061,1420961.256
C113,G-01,MSB-3 (STAGE 3) (Bus SAFETY SERVICES),,Olex,BDBP27AA001,,6,13,S.D.I,7×300,Cu,XLPE 90°C,PVC,No Shield,3864,0.000254266,0.000174523,0.000184914,7×300,0.0002385,0.000150629,0.000184914,5×120,Cu,0.000577181,0.0005056,0.0002784,,16,321.7,1,72.15,25,,400,0.25,0.99,0.31239,0.25,0.25,0,1,0,23.79,23.31,19,P,0.011428,0.030836,1465.28,40845.92,0.5,1.2,1,,1,0,21,HD 21×50,,,2096513727,7679241705,152757962.5,123886661.8
C101,MSB-3 (STAGE 3) (Bus C),MDB-L2-MECH.01,P5,Olex,BDBP26AA001,,6,12,S.D.I,4×240,Cu,XLPE 90°C,PVC,No Shield,1346.16,0.005825251,0.004284381,0.00394685,4×300,0.005034586,0.003179675,0.003903425,2×120,Cu,0.017405615,0.015247,0.0083955,,193,301.2,0.79,54.05,25,,400,1.67,6.68,2.65542,3.38,1.88,900,1,0,43.33,22.06,7.78,P,0.027899,0.040852,8515.16,243277.85,0.5,1.2,0.79,,0.79,0,2,HD 2×125,,,1520176382,1228678673,56317820.44,7265594.445
C504,MDB-L2-MECH.01,CHILLER 1,P2,Olex,BDBP25AA001,,6,2,S.D.I,185,Cu,XLPE 90°C,PVC,No Shield,453.96,0.006896851,0.005728287,0.003841,185,0.006316128,0.005014,0.003841,70,Cu,0.013976407,0.013324667,0.0042182,,46,185.5,0.97,78.82,40,,400,0.99,3.97,1.61865,4.37,2.87,400,1,0,22.06,13.88,4.52,I,0.048066,0.120082,378.58,10789.67,,,0.97,,0.97,0,,,,,759744172.3,90500211.35,14599246.23,3112592.341
C501,MDB-L2-MECH.01,MSSB-3AS.01,P5,Olex,HTHC19AA004,,5,2,"Circ, 4C&E",50,Cu,XLPE 90°C,PVC,No Shield,180,0.007521068,0.007424461,0.0012016,50,0.006800335,0.006693333,0.0012016,16,Cu,0.019828543,0.019786667,0.001288,No,16,142.2,1,70.25,40,,400,0.45,1.8,1.61865,3.83,2.33,140,1,0,22.06,14.34,4.1,P,0.052954,0.710946,107.52,1258.29,,,1,,1,0,,,,,59028450.56,7407296.985,1154244.173,1068528.095
C502,MDB-L2-MECH.01,MSSB-3AS.04,P8,Olex,BDBC20AA001,,6,2,S.D.I,70,Cu,XLPE 90°C,PVC,No Shield,232.8,0.009526648,0.009167904,0.0025897,70,0.008790458,0.008400333,0.0025897,25,Cu,0.022962027,0.022755333,0.003074,,29,178.2,0.97,64.81,40,,400,0.65,2.6,1.61865,4.03,2.53,164,1,0,22.06,12.68,3.72, ,0.058298,0.637533,92.22,2517.53,,,0.97,,0.97,0,,,,,120184844.2,11543394.3,1670190.175,881599.0221
C503,MDB-L2-MECH.01,MSSB-3AS.06,P11,Olex,HTHC18AA004,,5,2,"Circ, 4C&E",35,Cu,XLPE 90°C,PVC,No Shield,147,0.021571073,0.02138468,0.0028296,35,0.020559648,0.020364,0.0028296,10,Cu,0.071104333,0.07104,0.003024,No,36,76.3,1,53.72,40,,400,0.71,2.85,1.61865,4.09,2.59,77,1,0,22.06,8.17,1.86, ,0.116599,0.220366,180.36,2042.05,,,1,,1,0,,,,,32402634.22,2893475.385,1021416.368,220389.0818
C505,MDB-L2-MECH.01,CHILLER 2,P14,Olex,BDBP25AA001,,6,2,S.D.I,185,Cu,XLPE 90°C,PVC,No Shield,453.96,0.005397535,0.004483007,0.003006,185,0.004943057,0.003924,0.003006,70,Cu,0.010938058,0.010428,0.0033012,,36,185.5,0.97,78.82,40,,400,0.78,3.11,1.61865,4.16,2.66,400,1,0,22.06,15.12,4.97,I,0.04364,0.11798,296.28,8444.09,,,0.97,,0.97,0,,,,,759744172.3,90500211.35,14599246.23,3775900.119
C113,G-01,MSB-3 (STAGE 3) (Bus SAFETY SERVICES),,Olex,BDBP27AA001,,6,13,S.D.I,7×300,Cu,XLPE 90°C,PVC,No Shield,3864,0.000254266,0.000174523,0.000184914,7×300,0.0002385,0.000150629,0.000184914,5×120,Cu,0.000577181,0.0005056,0.0002784,,16,321.7,1,72.15,25,,400,0.25,0.99,0.31239,0.25,0.25,0,1,0,23.79,23.31,19,P,0.011428,0.030836,1465.28,40845.92,0.5,1.2,1,,1,0,21,HD 21×50,,,2096513727,7679241705,152757962.5,123886661.8
C102,MSB-3 (STAGE 3) (Bus E),MDB-L2-MECH.02,P8,Olex,BDBP26AA001,,6,12,S.D.I,3×240,Cu,XLPE 90°C,PVC,No Shield,1060.74,0.007837255,0.005757784,0.005317,3×300,0.006782344,0.0042835,0.0052585,2×120,Cu,0.017585984,0.015405,0.0084825,,195,363.1,0.83,53.31,25,,400,1.75,6.98,2.78792,3.46,1.96,700,1,0,43.33,18.75,7.22, ,0.030085,0.051859,6567.6,187926.39,0.5,1.2,0.83,,0.83,0,2,HD 2×125,,,1527780952,1228678673,56317820.44,7945001.007
C506,MDB-L2-MECH.02,MSSB-3AS.02,P2,Olex,BDBC20AA001,,6,2,S.D.I,70,Cu,XLPE 90°C,PVC,No Shield,232.8,0.006640761,0.006396086,0.001786,70,0.006062385,0.005793333,0.001786,25,Cu,0.01583588,0.015693333,0.00212,,20,165.1,0.97,68.25,40,,400,0.48,1.94,1.54308,3.94,2.44,175,1,0,18.75,13.11,4.28,P,0.050765,0.459024,63.6,1736.23,,,0.97,,0.97,0,,,,,117332996.6,11543394.3,1502862.649,1162656.581
C507,MDB-L2-MECH.02,MSSB-3AS.03,P5,Olex,BDBC20AA001,,6,2,S.D.I,70,Cu,XLPE 90°C,PVC,No Shield,232.8,0.010409909,0.010035075,0.0027683,70,0.009396696,0.008979667,0.0027683,25,Cu,0.024545615,0.024324667,0.003286,,31,102.3,0.97,71.92,40,,400,0.81,3.23,1.54308,4.27,2.77,186,1,0,18.75,11.08,3.46,I,0.062766,0.143006,98.58,2691.16,,,0.97,,0.97,0,,,,,114331484.9,11543394.3,1502862.649,760561.3793
C508,MDB-L2-MECH.02,MSSB-3AS.05,P8,Olex,BDBC20AA001,,6,2,S.D.I,70,Cu,XLPE 90°C,PVC,No Shield,232.8,0.011803068,0.011381725,0.0031255,70,0.010609173,0.010138333,0.0031255,25,Cu,0.027712791,0.027463333,0.00371,,35,149.5,0.97,73.31,40,,400,0.94,3.75,1.54308,4.39,2.89,190,1,0,18.75,10.47,3.23,I,0.067192,0.459024,111.3,3038.4,,,0.97,,0.97,0,,,,,113204035.1,11543394.3,1502862.649,663650.528
C509,MDB-L2-MECH.02,CHILLER 3,P11,Olex,BDBP25AA001,,6,2,S.D.I,185,Cu,XLPE 90°C,PVC,No Shield,453.96,0.003743065,0.003049146,0.002171,185,0.003569986,0.002834,0.002171,70,Cu,0.007899708,0.007531333,0.0023842,,26,206,0.97,60.69,40,,400,0.39,1.54,2.04308,3.34,2.34,292,1,0,18.75,14.72,5.26,P,0.04125,0.121005,213.98,6098.51,,,0.97,,0.97,0,,,,,863651341.6,90500211.35,10546021.22,4226222.171
C113,G-01,MSB-3 (STAGE 3) (Bus SAFETY SERVICES),,Olex,BDBP27AA001,,6,13,S.D.I,7×300,Cu,XLPE 90°C,PVC,No Shield,3864,0.000254266,0.000174523,0.000184914,7×300,0.0002385,0.000150629,0.000184914,5×120,Cu,0.000577181,0.0005056,0.0002784,,16,321.7,1,72.15,25,,400,0.25,0.99,0.31239,0.25,0.25,0,1,0,23.79,23.31,19,P,0.011428,0.030836,1465.28,40845.92,0.5,1.2,1,,1,0,21,HD 21×50,,,2096513727,7679241705,152757962.5,123886661.8
C103,MSB-3 (STAGE 3) (Bus F),DB-G-MSR.01 (GEN L&P),P11,Olex,BDBC22AA001,,6,2,S.D.I,95,Cu,XLPE 90°C,PVC,No Shield,289.06,0.006074614,0.005706244,0.0020832,95,0.005431388,0.005016,0.0020832,25,Cu,0.019003057,0.018832,0.002544,,24,155.4,0.97,77.4,40,,400,0.62,2.47,3.28832,2.33,0.83,250,1,0,43.33,23.24,7.67,I,0.028304,0.174205,103.2,2896.4,,,0.97,,0.97,0,,,,,202428942.2,11543394.3,56317816.27,2244135.261
C113,G-01,MSB-3 (STAGE 3) (Bus SAFETY SERVICES),,Olex,BDBP27AA001,,6,13,S.D.I,7×300,Cu,XLPE 90°C,PVC,No Shield,3864,0.000254266,0.000174523,0.000184914,7×300,0.0002385,0.000150629,0.000184914,5×120,Cu,0.000577181,0.0005056,0.0002784,,16,321.7,1,72.15,25,,400,0.25,0.99,0.31239,0.25,0.25,0,1,0,23.79,23.31,19,P,0.011428,0.030836,1465.28,40845.92,0.5,1.2,1,,1,0,21,HD 21×50,,,2096513727,7679241705,152757962.5,123886661.8
C104,MSB-3 (STAGE 3) (Bus H),MDB-3-A,P14,Olex,BDBP27AA001,,6,13,S.D.I,6×300,Cu,XLPE 90°C,PVC,No Shield,2285.28,0.002009746,0.001385121,0.0014562,6×300,0.001878188,0.0011862,0.0014562,4×120,Cu,0.004869965,0.004266,0.002349,,108,360.1,0.69,74.78,25,,400,1.2,4.8,1.21623,2.91,1.41,2000,1,0,43.33,32.59,18.08,I,0.012007,0.047832,8441.28,235190.69,0.5,1.2,0.69,,0.69,0,18,HD 18×50,,,2057281430,4914714691,56317820.63,12469419.05
C201,MDB-3-A,HYD-L3-DHW.01,P2,Olex,BDBC20AA001,,6,2,S.D.I,70,Cu,XLPE 90°C,PVC,No Shield,232.8,0.016971639,0.016324016,0.0046436,70,0.0157622,0.015062667,0.0046436,25,Cu,0.041173289,0.040802667,0.005512,,52,187.4,0.97,62.74,40,,400,1.11,4.44,2.08877,4.02,2.52,157,1,0,32.59,10.84,3.21, ,0.06753,0.666511,165.36,4514.2,,,0.97,,0.97,0,,,,,121919164.5,11543394.3,2044682.818,657037.8605
C202,MDB-3-A,MSSB-3AW.01,P5,Olex,BDBC22AA001,,6,2,S.D.I,95,Cu,XLPE 90°C,PVC,No Shield,289.06,0.013900335,0.013022747,0.0048608,95,0.012673239,0.011704,0.0048608,25,Cu,0.044340465,0.043941333,0.005936,,56,176.5,0.97,70.29,40,,400,1.27,5.08,2.08877,4.18,2.68,225,1,0,32.59,12.28,3.21,P,0.067563,0.422302,240.8,6758.28,,,0.97,,0.97,0,,,,,213021442.5,11543394.3,2062309.67,656398.8635
C203,MDB-3-A,MSSB-3AN.01,P8,Olex,BDBC22AA001,,6,2,S.D.I,95,Cu,XLPE 90°C,PVC,No Shield,289.06,0.012655198,0.01182292,0.0045136,95,0.011768008,0.010868,0.0045136,25,Cu,0.041173289,0.040802667,0.005512,,52,206.2,0.97,63.22,40,,400,1.01,4.03,2.08877,3.92,2.42,197,1,0,32.59,13.05,3.44, ,0.063194,0.459024,223.6,6275.54,,,0.97,,0.97,0,,,,,223809327.7,11543394.3,2062309.67,750287.9354
C204,MDB-3-A,DB-L1-OT-A.01,P11,Olex,BDBP23AA001,,6,2,S.D.I,120,Cu,XLPE 90°C,PVC,No Shield,338.53,0.019579727,0.017786006,0.0081868,120,0.018150242,0.016199,0.0081868,35,Cu,0.055737434,0.054869667,0.009797,,97,201.5,0.97,67.27,40,,400,1.93,7.7,2.08877,4.84,3.34,250,1,0,32.59,9.51,2.56, ,0.084712,0.422302,511.19,14985.75,,,0.97,,0.97,0,,,,,347207226.9,22625052.84,2062309.67,1308871.02
C205,MDB-3-A,DB-L1-OT-A.02,P14,Olex,BDBP23AA001,,6,2,S.D.I,120,Cu,XLPE 90°C,PVC,No Shield,338.53,0.022796082,0.020586633,0.0097904,120,0.021705444,0.019372,0.0097904,35,Cu,0.066655075,0.065617333,0.011716,,116,260.3,0.97,57.45,40,,400,1.78,7.13,2.08877,4.69,3.19,200,1,0,32.59,8.46,2.2, ,0.098677,0.459024,611.32,17921.11,,,0.97,,0.97,0,,,,,371459540.6,22625052.84,2062309.67,1109996.872
C206,MDB-3-A,DB-L1-OT-A.03,P17,Olex,BDBP24AA001,,6,2,S.D.I,150,Cu,XLPE 90°C,PVC,No Shield,390.91,0.022274326,0.01913955,0.011394,150,0.021569943,0.018315,0.011394,50,Cu,0.057992867,0.05652,0.012987,,135,325.8,0.97,53.09,40,,400,1.66,6.63,2.08877,4.57,3.07,200,1,0,32.59,8.51,2.42, ,0.089764,0.459024,885.6,25643.01,,,0.97,,0.97,0,,,,,597660697.4,46173577.22,2062309.67,1116218.122
C207,MDB-3-A,DB-L1-SCN-A.01,P20,Olex,BDBC20AA001,,6,2,S.D.I,70,Cu,XLPE 90°C,PVC,No Shield,232.8,0.018603527,0.017893633,0.0050901,70,0.017277796,0.016511,0.0050901,25,Cu,0.045132259,0.044726,0.006042,,57,187.4,0.97,62.74,40,,400,1.22,4.87,2.08877,4.13,2.63,157,1,0,32.59,10.13,2.97, ,0.073073,0.659846,181.26,4948.26,,,0.97,,0.97,0,,,,,121919164.5,11543394.3,2044682.818,561127.3977
C208,MDB-3-A,DB-L1-BIPU-A.01,P23,Olex,BDBC20AA001,,6,2,S.D.I,70,Cu,XLPE 90°C,PVC,No Shield,232.8,0.029700368,0.028567028,0.0081263,70,0.02758385,0.026359667,0.0081263,25,Cu,0.072053256,0.071404667,0.009646,,91,187.4,0.97,62.74,40,,400,1.94,7.77,2.08877,4.85,3.35,157,1,0,32.59,6.99,1.96, ,0.110865,0.666511,289.38,7899.85,,,0.97,,0.97,0,,,,,121919164.5,11543394.3,2044682.818,575120.5647
C209,MDB-3-A,DB-L1-BIPU-A.02,P26,Olex,BDBC20AA001,,6,2,S.D.I,70,Cu,XLPE 90°C,PVC,No Shield,232.8,0.019256282,0.01852148,0.0052687,70,0.017884035,0.017090333,0.0052687,25,Cu,0.046715847,0.046295333,0.006254,,59,187.4,0.97,62.74,40,,400,1.26,5.04,2.08877,4.17,2.67,157,1,0,32.59,9.87,2.88, ,0.075292,0.666511,187.62,5121.88,,,0.97,,0.97,0,,,,,121919164.5,11543394.3,2044682.818,528540.8026
C210,MDB-3-A,DB-L1-PAEDS-A.01,P29,Olex,BDBC20AA001,,6,2,S.D.I,70,Cu,XLPE 90°C,PVC,No Shield,232.8,0.006201176,0.005964544,0.0016967,70,0.005759265,0.005503667,0.0016967,25,Cu,0.015044086,0.014908667,0.002014,,19,187.4,0.97,62.74,40,,400,0.41,1.62,2.08877,3.32,1.82,157,1,0,32.59,19.65,6.94, ,0.031259,0.666511,60.42,1649.42,,,0.97,,0.97,0,,,,,121919164.5,11543394.3,2044682.818,837320.8444
C211,MDB-3-A,DB-L2-IPU1-A.01,P32,Olex,BDBC22AA001,,6,2,S.D.I,95,Cu,XLPE 90°C,PVC,No Shield,289.06,0.026809091,0.024950404,0.0098084,95,0.025572786,0.023617,0.0098084,25,Cu,0.089472725,0.088667333,0.011978,,113,266.5,0.97,54.75,40,,400,1.7,6.78,2.08877,4.61,3.11,157,1,0,32.59,7.5,1.74, ,0.125079,0.659846,485.9,13637.24,,,0.97,,0.97,0,,,,,237079928.3,11543394.3,2044682.818,574553.062
C212,MDB-3-A,DB-L2-IPU2-A.01,P35,Olex,BDBC20AA001,,6,2,S.D.I,70,Cu,XLPE 90°C,PVC,No Shield,232.8,0.008159442,0.007848085,0.0022325,70,0.007577981,0.007241667,0.0022325,25,Cu,0.019794851,0.019616667,0.00265,,25,187.4,0.97,62.74,40,,400,0.53,2.13,2.08877,3.44,1.94,157,1,0,32.59,17.21,5.75, ,0.037774,0.659846,79.5,2170.29,,,0.97,,0.97,0,,,,,121919164.5,11543394.3,2044682.818,2099857.063
C213,MDB-3-A,DB-L1-CSSD-A.01,P38,Olex,BDBP27AA001,,6,2,S.D.I,300,Cu,XLPE 90°C,PVC,No Shield,628.56,0.009337632,0.006403998,0.0067956,300,0.008942529,0.0058128,0.0067956,120,Cu,0.015817448,0.014028,0.007308,,84,242.3,0.97,71.64,40,,400,1.39,5.55,2.08877,4.3,2.8,500,1,0,32.59,14.72,5.95, ,0.036496,0.156626,1127.28,31514.99,,,0.97,,0.97,0,,,,,2104141706,265959804.8,7423894.423,4949075.594
C214,MDB-3-A,DB-DC-UPS-INPUT-A ENCLOSED DUAL 250A ATyS,P41,Olex,BDBC22AA001,,6,2,S.D.I,95,Cu,XLPE 90°C,PVC,No Shield,289.06,0.007846377,0.007370565,0.0026908,95,0.007015543,0.006479,0.0026908,25,Cu,0.024545615,0.024324667,0.003286,,31,155.4,0.97,77.4,40,,400,0.8,3.19,1.06151,3.71,2.21,250,1,0,32.59,17.28,5.16,I,0.042109,0.422302,133.3,3741.19,,,0.97,,0.97,0,,,,,202428942.2,11543394.3,2062309.67,1689774.581
C613,G-03,DB-DC-UPS-INPUT-A ENCLOSED DUAL 250A ATyS,,Olex,BDBP27AA001,,6,2,S.D.I,2×300,Cu,XLPE 90°C,PVC,No Shield,1153.44,0.003097267,0.002022098,0.0023461,2×300,0.003087302,0.0020068,0.0023461,120,Cu,0.010921571,0.009686,0.005046,,58,1046,0.89,42.4,40,,400,0.22,0.88,2.66364,0.22,0.22,250,1,0,1.89,1.85,1.78, ,0.121654,0.357516,1488.28,41392.7,,,0.89,,0.89,0,,,,,2564264893,265959804.8,890313.4313,1012267.517
C708,DB-DC-UPS-INPUT-A ENCLOSED DUAL 250A ATyS,DB-DC-UPS-INPUT,P2,Olex,HTHC22AA004,,5,2,"Circ, 4C&E",95,Cu,XLPE 90°C,PVC,No Shield,283,0.002499604,0.002392153,0.000725,95,0.002224778,0.002103333,0.000725,25,Cu,0.007888158,0.007846667,0.000808,No,10,193.1,1,79.02,40,,400,0.26,1.04,0.43029,3.97,2.47,250,1,0,17.28,14.87,4.15,I,0.052354,0.422302,130.8,1574.59,,,1,,1,0,,,,Preliminary,200049546.5,18084221.15,1419938.79,1093171.319
C709,DB-DC-UPS-INPUT,50kW UPS,P2,Olex,HTHC19AA004,,5,2,"Circ, 4C&E",50,Cu,XLPE 90°C,PVC,No Shield,180,0.004837742,0.004779095,0.000751,50,0.004250209,0.004183333,0.000751,16,Cu,0.012392839,0.012366667,0.000805,No,10,151,1,79.51,40,,400,0.33,1.32,0.51596,4.3,2.8,160,1,0,14.87,11.77,3.13,I,0.069263,0.659846,67.2,786.43,,,1,,1,0,,,,Preliminary,55217742.21,7407296.985,923962.6973,624562.2531
C713,50kW UPS,DB-DC-UPS OUTPUT 1,P2,Olex,HTHC19AA004,,5,2,"Circ, 4C&E",50,Cu,XLPE 90°C,PVC,No Shield,180,0.004611876,0.004550319,0.000751,50,0.004250209,0.004183333,0.000751,16,Cu,0.012392839,0.012366667,0.000805,No,10,203,1,64.11,40,,400,0.25,0.99,0.70082,4.55,3.05,125,1,0,11.77,9.74,2.52,P,0.086084,0.666511,67.2,786.43,,,1,,1,0,,,,Preliminary,61617350.78,7407296.985,784513.5954,404326.3178
C714,50kW UPS,125A LOAD BANK CONNECTION POINT,P5,Olex,HTHC19AA004,,5,2,"Circ, 4C&E",50,Cu,XLPE 90°C,PVC,No Shield,180,0.004611876,0.004550319,0.000751,50,0.004250209,0.004183333,0.000751,16,Cu,0.012392839,0.012366667,0.000805,No,10,203,1,64.11,40,,400,0.25,0.99,0.70082,4.55,3.05,125,1,0,11.77,9.74,2.52,P,0.086084,0.666511,67.2,786.43,,,1,,1,0,,,,Preliminary,61617350.78,7407296.985,784513.5954,404326.3178
C710,DB-DC-UPS-INPUT,50kW UPS EXT BYPASS,P5,Olex,HTHC19AA004,,5,2,"Circ, 4C&E",50,Cu,XLPE 90°C,PVC,No Shield,180,0.004611876,0.004550319,0.000751,50,0.004250209,0.004183333,0.000751,16,Cu,0.012392839,0.012366667,0.000805,No,10,203,1,64.11,40,,400,0.25,0.99,1.03193,4.21,2.71,125,1,0,14.87,11.88,3.14,P,0.069055,0.710946,67.2,786.43,,,1,,1,0,,,,Preliminary,61617350.78,7407296.985,923962.6973,628326.2869
C711,DB-DC-UPS-INPUT,CRAC-01,P8,Olex,,,5,2,"Circ, 4C&E",10,Cu,XLPE 90°C,PVC,No Shield,66,0.021096864,0.021080135,0.00084,10,0.019751204,0.019733333,0.00084,4,Cu,0.0497087,0.0497,0.00093,No,10,79.6,1,58.37,40,,400,0.37,1.46,1.03193,4.33,2.83,40,1,0,14.87,6.85,1.78, ,0.121708,0.61368,,,,,1,,1,0,,,,Preliminary,2563664.198,462956.0615,77914.96621,8708.096386
C712,DB-DC-UPS-INPUT,MASDS (FIRE PANEL),P11,Olex,,,5,2,"Circ, 4C&E",2.5,Cu,XLPE 90°C,PVC,No Shield,28,0.081800865,0.081794898,0.000988,2.5,0.07997277,0.079966667,0.000988,2.5,Cu,0.07997277,0.079966667,0.000988,No,10,72.9,1,46.38,40,,400,0.35,1.42,1.03193,4.32,2.82,10,1,0,14.87,2.57,1.02, ,0.211907,1.22736,,,,,1,,1,0,,,,Preliminary,173531.8451,180842.2115,61202.12099,3557.89916
C215,MDB-3-A,UPS INPUT DB A 250A ENCLOSED ATyS,P44,Olex,BDBP23AA001,,6,2,S.D.I,120,Cu,XLPE 90°C,PVC,No Shield,338.53,0.003930359,0.003549419,0.001688,120,0.003742318,0.00334,0.001688,35,Cu,0.011492254,0.011313333,0.00202,,20,260.3,0.97,57.45,40,,400,0.31,1.23,0.30739,3.22,1.72,200,1,0,32.59,22.63,8.38, ,0.02592,0.422302,105.4,3089.85,,,0.97,,0.97,0,,,,,371459540.6,22625052.84,2062309.67,804100.4137
C701,UPS INPUT DB A 250A ENCLOSED ATyS,UPS-INPUT DB,P2,Olex,BDBP23AA001,,6,2,S.D.I,120,Cu,XLPE 90°C,PVC,No Shield,338.53,0.00098259,0.000887355,0.000422,120,0.000935579,0.000835,0.000422,35,Cu,0.002873064,0.002828333,0.000505,,5,94.6,0.97,57.45,40,,400,0.08,0.31,0.07685,3.3,1.8,200,1,0,22.63,20.91,7.33, ,0.029615,0.098248,26.35,772.46,,,0.97,,0.97,0,,,,Preliminary,371459540.6,22625052.84,959838.0098,265666.4395
C702,UPS-INPUT DB,100kW UPS,P2,Olex,HTHC22AA004,,5,2,"Circ, 4C&E",95,Cu,XLPE 90°C,PVC,No Shield,283,0.001199327,0.001143231,0.0003625,95,0.001112389,0.001051667,0.0003625,25,Cu,0.003944079,0.003923333,0.000404,No,5,66.8,1,64.97,40,,400,0.1,0.4,0.09901,3.39,1.89,200,1,0,20.91,19.22,6.28, ,0.034562,0.098248,65.4,787.29,,,1,,1,0,,,,Preliminary,221117531.2,18084221.15,867767.9387,218709.8661
C706,100kW UPS,UPS OUTPUT DB (STAGE 3),P2,Olex,BDBC22AA001,,6,2,S.D.I,95,Cu,XLPE 90°C,PVC,No Shield,289.06,0.001219288,0.001139432,0.000434,95,0.001131539,0.001045,0.000434,25,Cu,0.00395897,0.003923333,0.00053,,5,202.7,0.97,63.94,40,,400,0.1,0.39,0.09868,3.49,1.99,200,1,0,19.22,17.68,5.49, ,0.039566,0.459024,21.5,603.42,,,0.97,,0.97,0,,,,,222710410.2,11543394.3,1528195.797,1913992.703
C601,UPS OUTPUT DB (STAGE 3),DB-G-ICU1-U.01,P2,Olex,HTHC19AA004,,5,2,"Circ, 4C&E",50,Cu,XLPE 90°C,PVC,No Shield,180,0.049072283,0.048332925,0.0084863,50,0.048027365,0.047271667,0.0084863,16,Cu,0.140039086,0.139743333,0.0090965,No,113,342.8,1,46.13,40,,400,1.32,5.27,1.50685,4.81,3.31,63,1,0,17.68,4.02,0.95, ,0.227555,1.146686,759.36,8886.65,,,1,,1,0,,,,,69527266.1,7407296.985,1405052.219,178085.3126
C602,UPS OUTPUT DB (STAGE 3),DB-L1-OT-U.01,P5,Olex,BDBC20AA001,,6,2,S.D.I,70,Cu,XLPE 90°C,PVC,No Shield,232.8,0.029690995,0.028453214,0.0084835,70,0.028796327,0.027518333,0.0084835,25,Cu,0.075220432,0.074543333,0.01007,,95,308.4,0.97,49.23,40,,400,1.23,4.93,1.50685,4.73,3.23,100,1,0,17.68,5.77,1.51, ,0.143422,1.055754,302.1,8247.09,,,0.97,,0.97,0,,,,,133531239,11543394.3,1405052.219,436985.768
C603,UPS OUTPUT DB (STAGE 3),DB-L1-OT-U.02,P8,Olex,BDBP23AA001,,6,2,S.D.I,120,Cu,XLPE 90°C,PVC,No Shield,338.53,0.028228929,0.025273044,0.0125756,120,0.027880269,0.024883,0.0125756,35,Cu,0.085617295,0.084284333,0.015049,,149,544.6,0.97,44.36,40,,400,1.09,4.38,1.50685,4.59,3.09,100,1,0,17.68,5.88,1.43, ,0.152143,1.055754,785.23,23019.35,,,0.97,,0.97,0,,,,,405096363.1,22625052.84,1405052.219,388325.9492
C604,UPS OUTPUT DB (STAGE 3),DB-L1-CSSD-U.01,P11,Olex,HTHC18AA004,,5,2,"Circ, 4C&E",35,Cu,XLPE 90°C,PVC,No Shield,147,0.046602582,0.046187054,0.0062094,35,0.045117006,0.044687667,0.0062094,10,Cu,0.156034509,0.155893333,0.006636,No,79,250.8,1,49.18,40,,400,1.26,5.04,1.50685,4.75,3.25,63,1,0,17.68,4.2,0.9, ,0.240443,1.146686,395.79,4481.17,,,1,,1,0,,,,,33392073.22,2893475.385,1405052.219,175337.7833
C605,UPS OUTPUT DB (STAGE 3),DB-L1-SCN-U.01,P14,Olex,HTHC17AA004,,5,2,"Circ, 4C&E",25,Cu,XLPE 90°C,PVC,No Shield,119,0.049727265,0.049490381,0.004848,25,0.04732895,0.04708,0.004848,6,Cu,0.199271081,0.1992,0.005322,No,60,177.8,1,54.01,40,,400,1.35,5.4,1.50685,4.84,3.34,63,1,0,17.68,4.01,0.76,P,0.286233,1.146686,223.2,2297.48,,,1,,1,0,,,,,16499392.72,1041651.138,1405052.219,172942.404
C606,UPS OUTPUT DB (STAGE 3),DB-L1-BIPU-U.01,P17,Olex,HTHC19AA004,,5,2,"Circ, 4C&E",50,Cu,XLPE 90°C,PVC,No Shield,180,0.042558263,0.04191705,0.0073598,50,0.041652051,0.040996667,0.0073598,16,Cu,0.121449827,0.121193333,0.007889,No,98,342.8,1,46.13,40,,400,1.14,4.57,1.50685,4.64,3.14,63,1,0,17.68,4.49,1.07, ,0.202451,1.146686,658.56,7707,,,1,,1,0,,,,,69527266.1,7407296.985,1405052.219,219312.1848
C607,UPS OUTPUT DB (STAGE 3),DB-L1-BIPU-U.02,P20,Olex,HTHC18AA004,,5,2,"Circ, 4C&E",35,Cu,XLPE 90°C,PVC,No Shield,147,0.052346003,0.051876473,0.0069954,35,0.050828019,0.050344333,0.0069954,10,Cu,0.175785712,0.175626667,0.007476,No,89,264.1,1,48.33,40,,400,1.35,5.39,1.50685,4.84,3.34,60,1,0,17.68,3.83,0.82, ,0.265923,1.146686,445.89,5048.41,,,1,,1,0,,,,,33580118.42,2893475.385,1405052.219,176265.6865
C608,UPS OUTPUT DB (STAGE 3),DB-L1-PAEDS-U.01,P23,Olex,HTHC17AA004,,5,2,"Circ, 4C&E",25,Cu,XLPE 90°C,PVC,No Shield,119,0.026521208,0.02639487,0.0025856,25,0.025242107,0.025109333,0.0025856,6,Cu,0.10627791,0.10624,0.0028384,No,32,177.8,1,54.01,40,,400,0.72,2.88,1.50685,4.21,2.71,63,1,0,17.68,6.4,1.27,P,0.170334,1.146686,119.04,1225.32,,,1,,1,0,,,,,16499392.72,1041651.138,1405052.219,309813.4236
C609,UPS OUTPUT DB (STAGE 3),DB-L2-IPU1-U.01,P26,Olex,HTHC19AA004,,5,2,"Circ, 4C&E",50,Cu,XLPE 90°C,PVC,No Shield,180,0.046900943,0.0461943,0.0081108,50,0.04590226,0.04518,0.0081108,16,Cu,0.133842666,0.13356,0.008694,No,108,342.8,1,46.13,40,,400,1.26,5.04,1.50685,4.75,3.25,63,1,0,17.68,4.16,0.99, ,0.219186,1.146686,725.76,8493.43,,,1,,1,0,,,,,69527266.1,7407296.985,1405052.219,187101.4104
C610,UPS OUTPUT DB (STAGE 3),DB-L2-IPU2-U.01,P29,Olex,HTHC17AA004,,5,2,"Circ, 4C&E",25,Cu,XLPE 90°C,PVC,No Shield,119,0.030665147,0.030519068,0.0029896,25,0.029186186,0.029032667,0.0029896,6,Cu,0.122883833,0.12284,0.0032819,No,37,177.8,1,54.01,40,,400,0.83,3.33,1.50685,4.33,2.83,63,1,0,17.68,5.79,1.14,P,0.191009,1.146686,137.64,1416.78,,,1,,1,0,,,,,16499392.72,1041651.138,1405052.219,246372.3047
C611,UPS OUTPUT DB (STAGE 3),DB-L2-PLANT-U.01,P32,Olex,HTHC19AA004,,5,2,"Circ, 4C&E",50,Cu,XLPE 90°C,PVC,No Shield,180,0.040821191,0.04020615,0.0070594,50,0.039951967,0.039323333,0.0070594,16,Cu,0.116492691,0.116246667,0.007567,No,94,342.8,1,46.13,40,,400,1.1,4.39,1.50685,4.59,3.09,63,1,0,17.68,4.64,1.11, ,0.195758,1.146686,631.68,7392.43,,,1,,1,0,,,,,69527266.1,7407296.985,1405052.219,234564.7618
C612,UPS OUTPUT DB (STAGE 3),DB-L3-PLANT-U.01,P35,Olex,HTHC17AA004,,5,2,"Circ, 4C&E",25,Cu,XLPE 90°C,PVC,No Shield,119,0.035637873,0.035468106,0.0034744,25,0.033919081,0.033740667,0.0034744,6,Cu,0.142810941,0.14276,0.0038141,No,43,177.8,1,54.01,40,,400,0.97,3.87,1.50685,4.46,2.96,63,1,0,17.68,5.19,1.01,P,0.215836,1.146686,159.96,1646.53,,,1,,1,0,,,,,16499392.72,1041651.138,1405052.219,192954.1798
C707,UPS OUTPUT DB (STAGE 3),DB-DC-UPS OUTPUT 2,P38,Olex,HTHC17AA004,,5,2,"Circ, 4C&E",25,Cu,XLPE 90°C,PVC,No Shield,119,0.008250707,0.008211048,0.000808,25,0.007888158,0.007846667,0.000808,6,Cu,0.033211847,0.0332,0.000887,No,10,234.4,1,52.71,40,,400,0.21,0.85,1.50685,3.71,2.21,60,1,0,17.68,11.71,2.72,P,0.079708,1.146686,37.2,382.91,,,1,,1,0,,,,Preliminary,16643452.47,1041651.138,919205.3578,471598.0472
C705,100kW UPS,200A LOAD BANK,P5,Olex,HTHC22AA004,,5,2,"Circ, 4C&E",95,Cu,XLPE 90°C,PVC,No Shield,283,0.002398653,0.002286463,0.000725,95,0.002224778,0.002103333,0.000725,25,Cu,0.007888158,0.007846667,0.000808,No,10,62.1,1,64.97,40,,400,0.2,0.79,1.60553,3.59,2.09,200,1,0,19.22,16.46,4.87, ,0.044594,0.098248,130.8,1574.59,,,1,,1,0,,,,Preliminary,221117531.2,18084221.15,778925.5621,159083.7811
C703,UPS-INPUT DB,100kW UPS INTERNAL BYPASS,P5,Olex,HTHC22AA004,,5,2,"Circ, 4C&E",95,Cu,XLPE 90°C,PVC,No Shield,283,0.002398653,0.002286463,0.000725,95,0.002224778,0.002103333,0.000725,25,Cu,0.007888158,0.007846667,0.000808,No,10,67,1,64.97,40,,400,0.2,0.79,1.70453,3.49,1.99,200,1,0,20.91,17.75,5.49, ,0.039561,0.098248,130.8,1574.59,,,1,,1,0,,,,Preliminary,221117531.2,18084221.15,867767.9387,184675.255
C704,UPS-INPUT DB,100kW UPS EXTERNAL BYPASS,P8,Olex,HTHC22AA004,,5,2,"Circ, 4C&E",95,Cu,XLPE 90°C,PVC,No Shield,283,0.002398653,0.002286463,0.000725,95,0.002224778,0.002103333,0.000725,25,Cu,0.007888158,0.007846667,0.000808,No,10,67,1,64.97,40,,400,0.2,0.79,1.70453,3.49,1.99,200,1,0,20.91,17.75,5.49, ,0.039561,0.098248,130.8,1574.59,,,1,,1,0,,,,Preliminary,221117531.2,18084221.15,867767.9387,184675.255
C216,MDB-3-A,DB-G-ICU1-A.01,P47,Olex,BDBP23AA001,,6,2,S.D.I,120,Cu,XLPE 90°C,PVC,No Shield,335.04,0.02065518,0.018657476,0.008862,120,0.019647169,0.017535,0.008862,35,Cu,0.060334336,0.059395,0.010605,,105,259.9,0.96,57.82,40,,400,1.62,6.46,2.08877,4.53,3.03,200,1,0,32.59,9.12,2.4, ,0.090299,0.459024,553.35,16221.69,,,0.96,,0.96,5,,,,,370542106.6,22625052.84,2062309.67,1114239.017
C217,MDB-3-A,DB-G-ICU2-A.01,P50,Olex,BDBP23AA001,,6,2,S.D.I,120,Cu,XLPE 90°C,PVC,No Shield,338.53,0.018276169,0.0165048,0.0078492,120,0.017401779,0.015531,0.0078492,35,Cu,0.053438983,0.052607,0.009393,,93,260.3,0.97,57.45,40,,400,1.43,5.72,2.08877,4.34,2.84,200,1,0,32.59,9.99,2.68, ,0.081119,0.459024,490.11,14367.78,,,0.97,,0.97,0,,,,,371459540.6,22625052.84,2062309.67,1366005.109
C218,MDB-3-A,MSSB-3ACV.01,P53,Olex,HTHC17AA004,,5,2,"Circ, 4C&E",25,Cu,XLPE 90°C,PVC,No Shield,119,0.020436994,0.020352323,0.0018584,25,0.018142764,0.018047333,0.0018584,6,Cu,0.076387248,0.07636,0.0020401,No,23,92.3,1,75.31,40,,400,0.88,3.53,2.08877,3.79,2.29,100,1,0,32.59,9.78,2.07,I,0.105047,0.3964,85.56,880.7,,,1,,1,0,,,,,14232827.18,1041651.138,948994.4708,34303.17467
C219,MDB-3-A,DB-PUMP ROOM,P56,Olex,BDBC20AA001,,6,13,S.D.I,70,Cu,XLPE 90°C,PVC,No Shield,232,0.022995474,0.022078316,0.0064296,70,0.02072649,0.019704,0.0064296,25,Cu,0.053942631,0.0534,0.007632,,72,183.7,1,55.92,25,,400,1.53,6.12,2.08877,4.44,2.94,160,1,0,32.59,8.6,2.52, ,0.086241,0.205325,228.96,6250.43,0.5,1.2,1,,1,0,3,HD 3×32,,,127715794.7,13332016.85,1037474.844,50958.14123
C113,G-01,MSB-3 (STAGE 3) (Bus SAFETY SERVICES),,Olex,BDBP27AA001,,6,13,S.D.I,7×300,Cu,XLPE 90°C,PVC,No Shield,3864,0.000254266,0.000174523,0.000184914,7×300,0.0002385,0.000150629,0.000184914,5×120,Cu,0.000577181,0.0005056,0.0002784,,16,321.7,1,72.15,25,,400,0.25,0.99,0.31239,0.25,0.25,0,1,0,23.79,23.31,19,P,0.011428,0.030836,1465.28,40845.92,0.5,1.2,1,,1,0,21,HD 21×50,,,2096513727,7679241705,152757962.5,123886661.8
C105,MSB-3 (STAGE 3) (Bus J),MDB-3-B,P17,Olex,BDBP27AA001,,6,2,S.D.I,6×300,Cu,XLPE 90°C,PVC,No Shield,3460.32,0.001959896,0.001311744,0.0014562,6×300,0.001916256,0.0012456,0.0014562,4×120,Cu,0.00508418,0.004509,0.002349,,108,380.3,0.89,56.7,40,,400,1.14,4.54,1.44955,2.85,1.35,2000,1,0,43.33,32.72,17.92, ,0.012114,0.045818,8441.28,235190.69,,,0.89,,0.89,0,,,,,2333388061,4255356877,56317820.63,12250155.44
C301,MDB-3-B,DB-DC-UPS-INPUT-B ENCLOSED DUAL 250A ATyS,P2,Olex,BDBC22AA001,,6,2,S.D.I,95,Cu,XLPE 90°C,PVC,No Shield,289.06,0.006580832,0.006181764,0.0022568,95,0.005884004,0.005434,0.0022568,25,Cu,0.020586645,0.020401333,0.002756,,26,155.4,0.97,77.4,40,,400,0.67,2.68,2.15232,3.52,2.02,250,1,0,32.72,18.9,5.84,I,0.037166,0.422302,111.8,3137.77,,,0.97,,0.97,0,,,,,202428942.2,11543394.3,2066235.572,2169159.542
C302,MDB-3-B,UPS INPUT DB B 250A ENCLOSED ATyS,P5,Olex,BDBC20AA001,,6,2,S.D.I,70,Cu,XLPE 90°C,PVC,No Shield,232.8,0.010905936,0.010524902,0.0028576,70,0.009699815,0.009269333,0.0028576,25,Cu,0.025337409,0.025109333,0.003392,,32,140.4,0.97,76.9,40,,400,0.91,3.65,2.15232,3.76,2.26,200,1,0,32.72,14.68,4.71,I,0.046052,0.459024,101.76,2777.97,,,0.97,,0.97,0,,,,,110303973.3,11543394.3,2066235.572,1412830.307
C303,MDB-3-B,MSSB-3AS-PTS.01,P8,Olex,HTHP15AA004,,5,2,"Circ, 4C&E",16,Cu,XLPE 90°C,PVC,No Shield,88,0.051263983,0.051167758,0.0031395,16,0.048332074,0.04823,0.0031395,6,Cu,0.129526203,0.12948,0.0034593,No,39,140.8,1,56.14,40,,400,1.11,4.43,2.15232,3.96,2.46,50,1,0,32.72,4.44,1.15, ,0.188996,2.111508,104.13,1058.06,,,1,,1,0,,,,,6662359.263,1041651.138,1203590.913,94580.90995
C304,MDB-3-B,MSSB-3AL.01,P11,Olex,HTHC17AA004,,5,2,"Circ, 4C&E",25,Cu,XLPE 90°C,PVC,No Shield,119,0.044348614,0.044141371,0.0042824,25,0.041807239,0.041587333,0.0042824,6,Cu,0.176022788,0.17596,0.0047011,No,53,160.7,1,56.81,40,,400,1.32,5.28,2.15232,4.17,2.67,69,1,0,32.72,5.05,0.95, ,0.228572,1.466325,197.16,2029.44,,,1,,1,0,,,,Designed,16192375.45,1041651.138,1203590.913,172050.9324
C305,MDB-3-B,HYD-L2-DHW.01,P14,Olex,BDBC22AA001,,6,2,S.D.I,95,Cu,XLPE 90°C,PVC,No Shield,289.06,0.022999436,0.021536258,0.0080724,95,0.021046629,0.019437,0.0080724,25,Cu,0.073636844,0.072974,0.009858,,93,181.3,0.97,68.96,40,,400,2.05,8.21,2.15232,4.9,3.4,220,1,0,32.72,8.52,2.05, ,0.105782,0.4788,399.9,11223.57,,,0.97,,0.97,0,,,,,215033587.7,11543394.3,2066235.572,992393.3988
C306,MDB-3-B,DB-L1-OT-B.01,P17,Olex,BDBP23AA001,,6,2,S.D.I,120,Cu,XLPE 90°C,PVC,No Shield,338.53,0.018974169,0.017235924,0.0079336,120,0.017588895,0.015698,0.0079336,35,Cu,0.054013596,0.053172667,0.009494,,94,201.5,0.97,67.27,40,,400,1.87,7.46,2.15232,4.71,3.21,250,1,0,32.72,9.76,2.63, ,0.082566,0.422302,495.38,14522.28,,,0.97,,0.97,0,,,,,347207226.9,22625052.84,2066235.572,439518.425
C307,MDB-3-B,DB-L1-OT-B.02,P20,Olex,BDBP23AA001,,6,2,S.D.I,120,Cu,XLPE 90°C,PVC,No Shield,338.53,0.023189118,0.020941574,0.0099592,120,0.022079676,0.019706,0.0099592,35,Cu,0.067804301,0.066748667,0.011918,,118,260.3,0.97,57.45,40,,400,1.81,7.25,2.15232,4.66,3.16,200,1,0,32.72,8.36,2.16, ,0.100366,0.527877,621.86,18230.09,,,0.97,,0.97,0,,,,,371459540.6,22625052.84,2066235.572,892331.0745
C308,MDB-3-B,DB-L1-OT-B.03,P23,Olex,BDBP24AA001,,6,2,S.D.I,150,Cu,XLPE 90°C,PVC,No Shield,390.91,0.022604316,0.019423099,0.0115628,150,0.021889498,0.018586333,0.0115628,50,Cu,0.05885202,0.057357333,0.0131794,,137,325.8,0.97,53.09,40,,400,1.68,6.73,2.15232,4.53,3.03,200,1,0,32.72,8.43,2.38, ,0.091096,0.527877,898.72,26022.9,,,0.97,,0.97,0,,,,,597660697.4,46173577.22,2066235.572,1083194.84
C309,MDB-3-B,DB-L1-OT-B.04,P26,Olex,BDBC22AA001,,6,2,S.D.I,95,Cu,XLPE 90°C,PVC,No Shield,289.06,0.02115284,0.019691722,0.0077252,95,0.020141398,0.018601,0.0077252,25,Cu,0.070469668,0.069835333,0.009434,,89,260.9,0.97,55.32,40,,400,1.36,5.46,2.15232,4.21,2.71,160,1,0,32.72,9.07,2.15, ,0.10077,0.659846,382.7,10740.83,,,0.97,,0.97,0,,,,,236176557.9,11543394.3,1386404.243,295062.8169
C310,MDB-3-B,DB-L1-SCN-B.01,P29,Olex,BDBC20AA001,,6,2,S.D.I,70,Cu,XLPE 90°C,PVC,No Shield,232.8,0.016363896,0.015742963,0.004465,70,0.015155962,0.014483333,0.004465,25,Cu,0.039589701,0.039233333,0.0053,,50,183.4,0.97,63.62,40,,400,1.09,4.36,2.15232,3.94,2.44,160,1,0,32.72,11.17,3.31, ,0.065521,0.659846,159,4340.57,,,0.97,,0.97,0,,,,,121183674.7,11543394.3,1386404.243,697944.2178
C311,MDB-3-B,DB-L1-BIPU-B.01,P32,Olex,BDBC20AA001,,6,2,S.D.I,70,Cu,XLPE 90°C,PVC,No Shield,232.8,0.028473179,0.027392755,0.0077691,70,0.026371373,0.025201,0.0077691,25,Cu,0.06888608,0.068266,0.009222,,87,183.4,0.97,63.62,40,,400,1.9,7.59,2.15232,4.75,3.25,160,1,0,32.72,7.25,2.04, ,0.106657,0.659846,276.66,7552.6,,,0.97,,0.97,0,,,,,121183674.7,11543394.3,1386404.243,263393.8246
C312,MDB-3-B,DB-L1-BIPU-B.02,P35,Olex,BDBC20AA001,,6,2,S.D.I,70,Cu,XLPE 90°C,PVC,No Shield,232.8,0.027164068,0.026133318,0.0074119,70,0.025158896,0.024042333,0.0074119,25,Cu,0.065718904,0.065127333,0.008798,,83,183.4,0.97,63.62,40,,400,1.81,7.24,2.15232,4.66,3.16,160,1,0,32.72,7.54,2.12, ,0.102202,0.659846,263.94,7205.35,,,0.97,,0.97,0,,,,,121183674.7,11543394.3,1386404.243,286852.8526
C313,MDB-3-B,DB-L1-PAEDS-B.01,P38,Olex,BDBC20AA001,,6,2,S.D.I,70,Cu,XLPE 90°C,PVC,No Shield,232.8,0.021600343,0.020780711,0.0058938,70,0.020005869,0.019118,0.0058938,25,Cu,0.052258406,0.051788,0.006996,,66,183.4,0.97,63.62,40,,400,1.44,5.76,2.15232,4.29,2.79,160,1,0,32.72,9.06,2.61, ,0.083287,0.659846,209.88,5729.56,,,0.97,,0.97,0,,,,,121183674.7,11543394.3,1386404.243,431942.801
C314,MDB-3-B,DB-L2-IPU1-B.01,P41,Olex,BDBC22AA001,,6,2,S.D.I,95,Cu,XLPE 90°C,PVC,No Shield,289.06,0.017825427,0.016594148,0.00651,95,0.016973088,0.015675,0.00651,25,Cu,0.059384552,0.05885,0.00795,,75,260.9,0.97,55.32,40,,400,1.15,4.6,2.15232,4,2.5,160,1,0,32.72,10.31,2.51, ,0.086481,0.659846,322.5,9051.26,,,0.97,,0.97,0,,,,,236176557.9,11543394.3,1386404.243,400629.7691
C315,MDB-3-B,DB-L2-IPU2-B.01,P44,Olex,BDBC20AA001,,6,2,S.D.I,70,Cu,XLPE 90°C,PVC,No Shield,232.8,0.022909455,0.022040148,0.006251,70,0.021218346,0.020276667,0.006251,25,Cu,0.055425582,0.054926667,0.00742,,70,183.4,0.97,63.62,40,,400,1.53,6.11,2.15232,4.37,2.87,160,1,0,32.72,8.65,2.47, ,0.087735,0.659846,222.6,6076.81,,,0.97,,0.97,0,,,,,121183674.7,11543394.3,1386404.243,389255.8831
C316,MDB-3-B,DB-L1-CSSD-B.01,P47,Olex,BDBP27AA001,,6,2,S.D.I,300,Cu,XLPE 90°C,PVC,No Shield,628.56,0.007892522,0.005412903,0.0057439,300,0.007558566,0.0049132,0.0057439,120,Cu,0.013369509,0.011857,0.006177,,71,242.3,0.97,71.64,40,,400,1.17,4.69,2.15232,4.02,2.52,500,1,0,32.72,16.15,6.62, ,0.032801,0.211151,952.82,26637.67,,,0.97,,0.97,0,,,,,2104141706,265959804.8,2500204.581,821156.2571
C317,MDB-3-B,DB-L2-PLANT-B.01,P50,Olex,BDBC20AA001,,6,2,S.D.I,70,Cu,XLPE 90°C,PVC,No Shield,232.8,0.028473179,0.027392755,0.0077691,70,0.026371373,0.025201,0.0077691,25,Cu,0.06888608,0.068266,0.009222,,87,183.4,0.97,63.62,40,,400,1.9,7.59,2.15232,4.75,3.25,160,1,0,32.72,7.25,2.04, ,0.106657,0.659846,276.66,7552.6,,,0.97,,0.97,0,,,,,121183674.7,11543394.3,1386404.243,263393.8246
C318,MDB-3-B,DB-L3-PLANT-B.01,P53,Olex,BDBC20AA001,,6,2,S.D.I,70,Cu,XLPE 90°C,PVC,No Shield,232.8,0.011454727,0.011020074,0.0031255,70,0.010609173,0.010138333,0.0031255,25,Cu,0.027712791,0.027463333,0.00371,,35,183.4,0.97,63.62,40,,400,0.76,3.05,2.15232,3.61,2.11,160,1,0,32.72,14.21,4.44, ,0.048933,0.659846,111.3,3038.4,,,0.97,,0.97,0,,,,,121183674.7,11543394.3,1386404.243,1251368.9
C319,MDB-3-B,DB-L3-PLANT-B.02,P56,Olex,BDBC20AA001,,6,2,S.D.I,70,Cu,XLPE 90°C,PVC,No Shield,232.8,0.023236733,0.022355007,0.0063403,70,0.021521465,0.020566333,0.0063403,25,Cu,0.056217376,0.055711333,0.007526,,71,183.4,0.97,63.62,40,,400,1.55,6.2,2.15232,4.4,2.9,160,1,0,32.72,8.56,2.44, ,0.088847,0.659846,225.78,6163.62,,,0.97,,0.97,0,,,,,121183674.7,11543394.3,1386404.243,379570.5716
C320,MDB-3-B,DB-G-ICU1-B.01,P59,Olex,BDBP23AA001,,6,2,S.D.I,120,Cu,XLPE 90°C,PVC,No Shield,338.53,0.020044831,0.018102039,0.0086088,120,0.019085822,0.017034,0.0086088,35,Cu,0.058610497,0.057698,0.010302,,102,148,0.97,57.45,40,,400,1.57,6.27,2.15232,4.42,2.92,200,1,0,32.72,9.35,2.46, ,0.088148,0.123343,537.54,15758.21,,,0.97,,0.97,0,,,,,371459540.6,22625052.84,2066235.572,385618.354
C321,MDB-3-B,DB-G-ICU2-B.01,P62,Olex,BDBP23AA001,,6,2,S.D.I,120,Cu,XLPE 90°C,PVC,No Shield,338.53,0.019062241,0.017214684,0.0081868,120,0.018150242,0.016199,0.0081868,35,Cu,0.055737434,0.054869667,0.009797,,97,260.3,0.97,57.45,40,,400,1.49,5.96,2.15232,4.34,2.84,200,1,0,32.72,9.71,2.57, ,0.084332,0.527877,511.19,14985.75,,,0.97,,0.97,0,,,,,371459540.6,22625052.84,2066235.572,421307.5234
C322,MDB-3-B,DB-G-00-B.01,P65,Olex,BDBP23AA001,,6,2,S.D.I,120,Cu,XLPE 90°C,PVC,No Shield,338.53,0.004844469,0.004400661,0.0020256,120,0.004490782,0.004008,0.0020256,35,Cu,0.013790705,0.013576,0.002424,,24,201.5,0.97,67.27,40,,400,0.48,1.91,0.95659,3.32,1.82,250,1,0,32.72,21.15,7.45, ,0.029147,0.422302,126.48,3707.82,,,0.97,,0.97,0,,,,,347207226.9,22625052.84,2066235.572,672953.5514
C324,DB-G-00-B.01,DB-L1-00-B.01,P2,Olex,,,5,2,"Circ, 4C&E",6,Cu,XLPE 90°C,PVC,No Shield,48,0.074921667,0.07489625,0.0019514,6,0.073066063,0.07304,0.0019514,2.5,Cu,0.175940094,0.175926667,0.0021736,No,22,51.5,1,47.03,40,,400,0.58,2.34,1.67593,3.91,2.41,18,1,0,21.15,2.95,0.78,P,0.277044,0.61368,,,,,1,,1,0,,,,Preliminary,995281.5324,180842.2115,100000,1561.5025
C325,DB-G-00-B.01,DB-L2-00-B.01,P5,Olex,,,5,2,"Circ, 4C&E",6,Cu,XLPE 90°C,PVC,No Shield,48,0.099830783,0.099795313,0.002661,6,0.09963554,0.0996,0.002661,2.5,Cu,0.23991831,0.2399,0.002964,No,30,51.9,1,40.54,40,,400,0.22,0.86,1.67593,3.54,2.04,5,1,0,21.15,2.27,0.59,P,0.365997,0.61368,,,,,1,,1,0,,,,Preliminary,1038031.183,180842.2115,100000,894.7143311
C323,MDB-3-B,DB-G-DAS,P68,Olex,HTHC19AA004,,5,2,"Circ, 4C&E",50,Cu,XLPE 90°C,PVC,No Shield,180,0.037211444,0.036685658,0.0062333,50,0.035276737,0.034721667,0.0062333,16,Cu,0.102860567,0.102643333,0.0066815,No,83,209,1,55.43,40,,400,1.59,6.35,2.15232,4.44,2.94,100,1,0,32.72,5.85,1.46, ,0.149133,0.3964,557.76,6527.36,,,1,,1,0,,,,,65373250.15,7407296.985,953796.5434,21674.1381
,T2,MSB-2 (Bus A),,Olex-Pyrolex,,Fire Rated,6,2,S.D.I,7×300,Cu,PYROLEX,HFS-110-TP,No Shield,4750.2,4.77E-05,3.23E-05,3.51E-05,7×300,4.58E-05,2.94E-05,3.51E-05,No Earth,Cu,0,0,0,,3,223.1,0.87,69.55,40,,400,0.04,0.16,0.05412,1.54,0.04,2700,1,0,45.05,44.7,39.33, ,0.005519,0.020352,,,,,0.87,,0.87,0,,,,,2410953738,0,385633312.9,0
,G-02,MSB-2 (Bus D),,Olex,BDBP30AA001,,6,2,S.D.I,4×500,Cu,XLPE 90°C,PVC,No Shield,3496,7.12E-05,3.88E-05,5.97E-05,4×500,6.90E-05,3.45E-05,5.97E-05,500,Cu,0.000282113,0.0001381,0.000246,,3,175.5,1,84.31,40,,400,0.06,0.22,0.47848,0.06,0.06,0,1,0,23.79,23.63,19.46, ,0.011156,0.031461,250.41,7119.48,,,1,1,1,0,,,,,5328661876,3954964272,265911985.5,226303504
,G-02,MSB-2 (Bus D),,Olex,BDBP30AA001,,6,2,S.D.I,4×500,Cu,XLPE 90°C,PVC,No Shield,3496,7.12E-05,3.88E-05,5.97E-05,4×500,6.90E-05,3.45E-05,5.97E-05,500,Cu,0.000282113,0.0001381,0.000246,,3,175.5,1,84.31,40,,400,0.06,0.22,0.47848,0.06,0.06,0,1,0,23.79,23.63,19.46, ,0.011156,0.031461,250.41,7119.48,,,1,1,1,0,,,,,5328661876,3954964272,265911985.5,226303504
,MSB-2 (Bus D),MSSB-5,P2,Olex,BDBP26AA001,,6,2,S.D.I,3×240,Cu,XLPE 90°C,PVC,No Shield,1461.6,0.000427251,0.000328932,0.000272667,3×240,0.000392664,0.000282556,0.000272667,185,Cu,0.001389656,0.00109,0.000862,,10,146.3,0.87,88.53,40,,400,0.21,0.82,0.2051,1.75,0.25,1440,1,0,44.7,41.93,30.59,I,0.007096,0.081931,314.1,9017.63,,,0.87,,0.87,0,,,,,1189078870,632116272.1,43868303.74,30592613.7
C414,MSSB-5,MSSB-L2-02B,P2,Olex,HTHC18AA004,,5,2,"Circ, 4C&E",35,Cu,XLPE 90°C,PVC,No Shield,147,0.091817804,0.090974076,0.0124188,35,0.090234011,0.089375333,0.0124188,10,Cu,0.312069017,0.311786667,0.013272,No,158,244.6,1,44.9,40,,400,1.81,7.25,3.25456,3.56,2.06,46,1,0,41.93,2.59,0.53, ,0.407691,0.629206,791.58,8962.34,,,1,,1,0,,,,Designed,34342152.22,2893475.385,1281258.794,612444.3572
C401,MSSB-5,MSSB-L2-04,P5,Olex,BDBP23AA001,,6,2,S.D.I,2×120,Cu,XLPE 90°C,PVC,No Shield,621.22,0.016725234,0.015068148,0.0072584,300,0.018310893,0.0119024,0.0139148,120,Cu,0.032388107,0.028724,0.014964,,172,243.3,0.89,53.69,40,,400,2.12,8.48,3.25456,3.87,2.37,325,1,0,41.93,11.51,3.95,P,0.054897,0.113029,1998.64,57872.13,,,0.89,,0.89,0,,,,Designed,380982244.9,265959804.8,2788750.836,994209.6529
,G-02,MSB-2 (Bus D),,Olex,BDBP30AA001,,6,2,S.D.I,4×500,Cu,XLPE 90°C,PVC,No Shield,3496,7.12E-05,3.88E-05,5.97E-05,4×500,6.90E-05,3.45E-05,5.97E-05,500,Cu,0.000282113,0.0001381,0.000246,,3,175.5,1,84.31,40,,400,0.06,0.22,0.47848,0.06,0.06,0,1,0,23.79,23.63,19.46, ,0.011156,0.031461,250.41,7119.48,,,1,1,1,0,,,,,5328661876,3954964272,265911985.5,226303504
,MSB-2 (Bus E),MDB-B-1 (STAGE 2A),P5,Olex,BDBP26AA001,,6,2,S.D.I,2×240,Cu,XLPE 90°C,PVC,No Shield,996.8,0.000623038,0.000469995,0.000409,2×240,0.000588995,0.000423833,0.000409,120,Cu,0.001883029,0.00167,0.00087,,10,184.3,0.89,72.21,40,,400,0.16,0.65,0.18113,1.7,0.2,800,1,0,44.7,40.7,28.72,I,0.007559,0.070773,208.6,6024.49,,,0.89,,0.89,0,,,,,1341220517,265959804.8,11968003.1,9141907.466
,MDB-B-1 (STAGE 2A),DB-UPS-L3,P2,Olex,BDBC19AA001,,6,2,S.D.I,50,Cu,XLPE 90°C,PVC,No Shield,182.36,0.004503004,0.004407184,0.000924,50,0.004287418,0.004186667,0.000924,16,Cu,0.012416382,0.012366667,0.00111,,10,116.9,0.97,55.04,40,,400,0.19,0.76,0.19084,1.89,0.39,100,1,0,40.7,26.53,9.75, ,0.022265,0.202891,22.5,618.9,,,0.97,,0.97,0,,,,,65547632.93,4728174.307,1305927.374,689982.6828
C409,DB-UPS-L3,DB-G-IMG-U.01,P2,Olex,HTHC19AA004,,5,2,"Circ, 4C&E",50,Cu,XLPE 90°C,PVC,No Shield,180,0.074259826,0.073140975,0.0128421,50,0.072678578,0.071535,0.0128421,16,Cu,0.211917554,0.21147,0.0137655,No,171,219.7,1,46.13,40,,400,2,7.98,3.60601,3.39,2.39,63,1,0,26.53,2.99,0.7, ,0.308081,0.389638,1149.12,13447.94,,,1,,1,0,,,,Designed,69527266.1,7407296.985,77287.96875,1262.728249
C410,DB-UPS-L3,DB-L1-UPS-RCVY,P5,Olex,HTHC18AA004,,5,2,"Circ, 4C&E",35,Cu,XLPE 90°C,PVC,No Shield,147,0.050142019,0.049694932,0.006681,35,0.048543614,0.048081667,0.006681,10,Cu,0.167885231,0.167733333,0.00714,No,85,143.6,1,49.18,40,,400,1.36,5.42,3.10601,3.25,1.75,63,1,0,26.53,4.24,0.91, ,0.239352,0.389638,425.85,4821.51,,,1,,1,0,,,,,33392073.22,2893475.385,77287.96875,4977.11113
,MDB-B-1 (STAGE 2A),MDB-B-3 (STAGE 3A),P5,Olex-Versolex,BDSE90AA001,Flexible,16,2,Flex S.D.I.,240,Cu,XLPE 90°C,TPE,No Shield,536.41,0.000915548,0.000774776,0.0004878,240,0.000856155,0.0007036,0.0004878,95,Cu,0.001366277,0.001254,0.0005424,,6,134.1,0.97,67.8,40,,400,0.13,0.54,0.1393,1.84,0.34,400,1,0,40.7,36.2,22.74, ,0.009545,0.263939,63.78,1861.17,,,0.97,,0.97,0,,,,Preliminary,1383631601,166686613.8,1890335.097,1517532.554
C405,MDB-B-3 (STAGE 3A),MSSB-3APATH.01,P2,Olex,HTHC17AA004,,5,2,"Circ, 4C&E",25,Cu,XLPE 90°C,PVC,No Shield,119,0.055199426,0.054933319,0.0054136,25,0.052850661,0.052572667,0.0054136,6,Cu,0.222519374,0.22244,0.0059429,No,67,143.2,1,52.29,40,,400,1.4,5.61,3.16265,3.24,1.74,59,1,0,36.2,4.15,0.76, ,0.283883,1.319693,249.24,2565.52,,,1,,1,0,,,,,16690050.16,1041651.138,1250578.683,135493.9227
C406,MDB-B-3 (STAGE 3A),MSSB-3AIMG.01,P5,Olex,HTHC17AA004,,5,2,"Circ, 4C&E",25,Cu,XLPE 90°C,PVC,No Shield,119,0.051281439,0.051028167,0.0050904,25,0.049695397,0.049434,0.0050904,6,Cu,0.209234635,0.20916,0.0055881,No,63,171.1,1,48.83,40,,400,1.1,4.42,3.16265,2.94,1.44,50,1,0,36.2,4.45,0.81, ,0.266752,1.319693,234.36,2412.36,,,1,,1,0,,,,,17076808.97,1041651.138,1250578.683,133733.694
C407,MDB-B-3 (STAGE 3A),DB-G-PATH.01,P8,Olex,HTHC19AA004,,5,2,"Circ, 4C&E",50,Cu,XLPE 90°C,PVC,No Shield,180,0.030716299,0.03030137,0.0050317,50,0.028476402,0.028028333,0.0050317,16,Cu,0.083032024,0.082856667,0.0053935,No,67,127.7,1,62.22,40,,400,1.57,6.3,3.16265,3.41,1.91,120,1,0,36.2,7,1.8,P,0.120589,0.710946,450.24,5269.07,,,1,,1,0,,,,,62425917.09,7407296.985,1447036.752,259256.0192
C408,MDB-B-3 (STAGE 3A),DB-G-IMG.01,P11,Olex,BDBC22AA001,,6,2,S.D.I,95,Cu,XLPE 90°C,PVC,No Shield,289.06,0.022434893,0.020965558,0.0079856,95,0.020820322,0.019228,0.0079856,25,Cu,0.07284505,0.072189333,0.009752,,92,152,0.97,63.94,40,,400,1.82,7.26,2.13944,3.65,2.15,200,1,0,36.2,8.84,2.13, ,0.102141,0.527877,395.6,11102.88,,,0.97,,0.97,0,,,,,222710410.2,11543394.3,2165139.449,861588.4853
C404,DB-G-IMG.01,DB-XRAY,P2,Olex,HTHC17AA004,,5,2,"Circ, 4C&E",25,Cu,XLPE 90°C,PVC,No Shield,119,0.01823333,0.018146473,0.0017776,25,0.017353948,0.017262667,0.0017776,6,Cu,0.073066063,0.07304,0.0019514,No,22,133.3,1,54.01,40,,400,0.5,1.98,1.34698,4.15,2.65,63,1,0,8.84,5.46,1.13, ,0.19247,1.6758,81.84,842.41,,,1,,1,0,,,,,16499392.72,1041651.138,584958.1555,129412.5085
C403,DB-G-IMG.01,CT,P5,Olex,BDBC20AA001,,6,2,S.D.I,70,Cu,XLPE 90°C,PVC,No Shield,232.8,0.007200114,0.006926904,0.0019646,70,0.006668623,0.006372667,0.0019646,25,Cu,0.017419469,0.017262667,0.002332,,22,137.5,0.97,63.62,40,,400,0.48,1.92,1.34698,4.13,2.63,160,1,0,8.84,7.06,1.71, ,0.126654,0.659846,69.96,1909.85,,,0.97,,0.97,0,,,,,121183674.7,11543394.3,619220.0427,298855.8406
C402,DB-G-IMG.01,FLUROSCOPY,P8,Olex,HTHC18AA004,,5,2,"Circ, 4C&E",35,Cu,XLPE 90°C,PVC,No Shield,147,0.026462893,0.026235933,0.0034584,35,0.025128459,0.024889333,0.0034584,10,Cu,0.086905296,0.086826667,0.003696,No,44,145.2,1,54.81,40,,400,0.91,3.64,1.34698,4.56,3.06,80,1,0,8.84,4.61,1.01, ,0.21474,1.319693,220.44,2495.84,,,1,,1,0,,,,,32167186.43,2893475.385,584958.1555,103961.9417
C411,MDB-B-3 (STAGE 3A),DB-G-EVH.01,P14,Olex,HTHC19AA004,,5,2,"Circ, 4C&E",50,Cu,XLPE 90°C,PVC,No Shield,180,0.007256613,0.007168642,0.0011265,50,0.006375314,0.006275,0.0011265,25,Cu,0.011832237,0.01177,0.001212,No,15,90.6,1,79.51,40,,400,0.5,1.99,3.16265,2.33,0.83,160,1,0,36.2,19.79,8.09,I,0.026826,0.659846,100.8,1179.64,,,1,,1,0,,,,,55217742.21,18084221.15,1447036.752,637695.7183
,MSB-2 (Bus F),MDB-B-2 (STAGE 2A),P2,Olex,BDBP26AA001,,6,2,S.D.I,2×240,Cu,XLPE 90°C,PVC,No Shield,996.8,0.000609919,0.000452461,0.000409,2×240,0.000588995,0.000423833,0.000409,120,Cu,0.001883029,0.00167,0.00087,,10,243.1,0.89,59.97,40,,400,0.12,0.49,0.32949,1.66,0.16,630,1,0,44.7,40.74,28.75,I,0.00755,0.16758,208.6,6024.49,,,0.89,,0.89,0,,,,,1460617234,265959804.8,2864561.057,2489598.781
C412,MDB-B-2 (STAGE 2A),"DB MRI (FUTURE, PROVIDE 15m CABLE COIL)",P2,Olex,HTHC19AA004,,5,2,"Circ, 4C&E",50,Cu,XLPE 90°C,PVC,No Shield,180,0.043812825,0.04322803,0.0071345,50,0.040376988,0.039741667,0.0071345,16,Cu,0.117731975,0.117483333,0.0076475,No,95,121.8,1,64.11,40,,400,2.34,9.36,3.83623,3.5,2.5,125,1,0,40.74,5.2,1.31,P,0.166129,0.710946,638.4,7471.08,,,1,,1,0,,,,,61617350.78,7407296.985,1519488.066,457601.5042
C413,MDB-B-2 (STAGE 2A),"MSSB-MRI.01 MRI (FUTURE, PROVIDE 15m CABLE COIL)",P5,Olex,HTHC19AA004,,5,2,"Circ, 4C&E",50,Cu,XLPE 90°C,PVC,No Shield,180,0.034127885,0.03367236,0.0055574,50,0.031451549,0.030956667,0.0055574,16,Cu,0.091707012,0.091513333,0.005957,No,74,121.8,1,64.11,40,,400,1.82,7.29,3.33623,3.49,1.99,125,1,0,40.74,6.54,1.66,P,0.130457,0.710946,497.28,5819.57,,,1,,1,0,,,,,61617350.78,7407296.985,1519488.066,528159.5164
,T3,MSB-01,,Olex-Versolex,BDSX01AA001,Flexible,16,2,Flex S.D.I.,10,Cu,XLPE 90°C,TPE,No Shield,66.93,0.010684386,0.0106784,0.0003576,10,0.010684386,0.0106784,0.0003576,No Earth,Cu,0,0,0,,3,170,0.97,40,40,,400,0,0,3.5,1.5,0,0,1,0,2.84,2.71,2.28,I,0.095372,1.284794,1.68,49.62,,,0.97,,0.97,0,,,,Preliminary,2893475.385,0,49957.96064,0
